<?xml version="1.0" encoding="utf-8"?>
<DataSchemaModel FileFormatVersion="1.2" SchemaVersion="2.9" DspName="Microsoft.Data.Tools.Schema.Sql.Sql160DatabaseSchemaProvider" CollationLcid="1033" CollationCaseSensitive="False" xmlns="http://schemas.microsoft.com/sqlserver/dac/Serialization/2012/02">
	<Model>
		<Element Type="SqlDatabaseOptions" Disambiguator="1">
			<Property Name="Collation" Value="SQL_Latin1_General_CP1_CI_AS" />
			<Property Name="IsAnsiPaddingOn" Value="False" />
			<Property Name="IsQuotedIdentifierOn" Value="False" />
			<Property Name="IsCursorDefaultScopeGlobal" Value="True" />
			<Property Name="IsTornPageProtectionOn" Value="False" />
			<Property Name="IsFullTextEnabled" Value="True" />
			<Property Name="TargetRecoveryTimePeriod" Value="60" />
			<Property Name="QueryStoreDesiredState" Value="2" />
			<Property Name="QueryStoreCaptureMode" Value="2" />
			<Property Name="QueryStoreMaxStorageSize" Value="1000" />
			<Relationship Name="DefaultFilegroup">
				<Entry>
					<References ExternalSource="BuiltIns" Name="[PRIMARY]" />
				</Entry>
			</Relationship>
		</Element>
		<Element Type="SqlPrimaryKeyConstraint">
			<Relationship Name="ColumnSpecifications">
				<Entry>
					<Element Type="SqlIndexedColumnSpecification">
						<Relationship Name="Column">
							<Entry>
								<References Name="[dbo].[empdata].[eid]" />
							</Entry>
						</Relationship>
					</Element>
				</Entry>
			</Relationship>
			<Relationship Name="DefiningTable">
				<Entry>
					<References Name="[dbo].[empdata]" />
				</Entry>
			</Relationship>
			<Annotation Type="SqlInlineConstraintAnnotation" Name="[dbo].[PK__empdata__D9509F6DD2C9F48E]" Disambiguator="5" />
		</Element>
		<Element Type="SqlProcedure" Name="[dbo].[DeleteEmp]">
			<Property Name="BodyScript">
				<Value QuotedIdentifiers="True" AnsiNulls="True"><![CDATA[ Begin
delete empdata where eid=@eid 
end]]></Value>
			</Property>
			<Property Name="IsAnsiNullsOn" Value="True" />
			<Relationship Name="BodyDependencies">
				<Entry>
					<References Name="[dbo].[empdata]" />
				</Entry>
				<Entry>
					<References Name="[dbo].[empdata].[eid]" />
				</Entry>
				<Entry>
					<References Name="[dbo].[DeleteEmp].[@eid]" />
				</Entry>
			</Relationship>
			<Relationship Name="Parameters">
				<Entry>
					<Element Type="SqlSubroutineParameter" Name="[dbo].[DeleteEmp].[@eid]">
						<Relationship Name="Type">
							<Entry>
								<Element Type="SqlTypeSpecifier">
									<Relationship Name="Type">
										<Entry>
											<References ExternalSource="BuiltIns" Name="[int]" />
										</Entry>
									</Relationship>
								</Element>
							</Entry>
						</Relationship>
					</Element>
				</Entry>
			</Relationship>
			<Relationship Name="Schema">
				<Entry>
					<References ExternalSource="BuiltIns" Name="[dbo]" />
				</Entry>
			</Relationship>
			<Annotation Type="SysCommentsObjectAnnotation">
				<Property Name="Length" Value="83" />
				<Property Name="StartLine" Value="1" />
				<Property Name="StartColumn" Value="1" />
				<Property Name="HeaderContents" Value="create Procedure DeleteEmp&#xD;&#xA;@eid int&#xD;&#xA;as" />
			</Annotation>
		</Element>
		<Element Type="SqlProcedure" Name="[dbo].[DispEmp]">
			<Property Name="BodyScript">
				<Value QuotedIdentifiers="True" AnsiNulls="True"><![CDATA[ begin
select * from empdata 
end]]></Value>
			</Property>
			<Property Name="IsAnsiNullsOn" Value="True" />
			<Relationship Name="BodyDependencies">
				<Entry>
					<References Name="[dbo].[empdata]" />
				</Entry>
			</Relationship>
			<Relationship Name="Schema">
				<Entry>
					<References ExternalSource="BuiltIns" Name="[dbo]" />
				</Entry>
			</Relationship>
			<Annotation Type="SysCommentsObjectAnnotation">
				<Property Name="Length" Value="63" />
				<Property Name="StartLine" Value="1" />
				<Property Name="StartColumn" Value="1" />
				<Property Name="HeaderContents" Value="create Procedure DispEmp&#xD;&#xA;as" />
			</Annotation>
		</Element>
		<Element Type="SqlTable" Name="[dbo].[empdata]">
			<Property Name="IsAnsiNullsOn" Value="True" />
			<Relationship Name="Columns">
				<Entry>
					<Element Type="SqlSimpleColumn" Name="[dbo].[empdata].[eid]">
						<Property Name="IsNullable" Value="False" />
						<Relationship Name="TypeSpecifier">
							<Entry>
								<Element Type="SqlTypeSpecifier">
									<Relationship Name="Type">
										<Entry>
											<References ExternalSource="BuiltIns" Name="[int]" />
										</Entry>
									</Relationship>
								</Element>
							</Entry>
						</Relationship>
					</Element>
				</Entry>
				<Entry>
					<Element Type="SqlSimpleColumn" Name="[dbo].[empdata].[ename]">
						<Relationship Name="TypeSpecifier">
							<Entry>
								<Element Type="SqlTypeSpecifier">
									<Property Name="Length" Value="50" />
									<Relationship Name="Type">
										<Entry>
											<References ExternalSource="BuiltIns" Name="[varchar]" />
										</Entry>
									</Relationship>
								</Element>
							</Entry>
						</Relationship>
					</Element>
				</Entry>
				<Entry>
					<Element Type="SqlSimpleColumn" Name="[dbo].[empdata].[desig]">
						<Relationship Name="TypeSpecifier">
							<Entry>
								<Element Type="SqlTypeSpecifier">
									<Property Name="Length" Value="50" />
									<Relationship Name="Type">
										<Entry>
											<References ExternalSource="BuiltIns" Name="[varchar]" />
										</Entry>
									</Relationship>
								</Element>
							</Entry>
						</Relationship>
					</Element>
				</Entry>
				<Entry>
					<Element Type="SqlSimpleColumn" Name="[dbo].[empdata].[doj]">
						<Relationship Name="TypeSpecifier">
							<Entry>
								<Element Type="SqlTypeSpecifier">
									<Relationship Name="Type">
										<Entry>
											<References ExternalSource="BuiltIns" Name="[datetime]" />
										</Entry>
									</Relationship>
								</Element>
							</Entry>
						</Relationship>
					</Element>
				</Entry>
				<Entry>
					<Element Type="SqlSimpleColumn" Name="[dbo].[empdata].[salary]">
						<Relationship Name="TypeSpecifier">
							<Entry>
								<Element Type="SqlTypeSpecifier">
									<Relationship Name="Type">
										<Entry>
											<References ExternalSource="BuiltIns" Name="[money]" />
										</Entry>
									</Relationship>
								</Element>
							</Entry>
						</Relationship>
					</Element>
				</Entry>
				<Entry>
					<Element Type="SqlSimpleColumn" Name="[dbo].[empdata].[dno]">
						<Relationship Name="TypeSpecifier">
							<Entry>
								<Element Type="SqlTypeSpecifier">
									<Property Name="Length" Value="10" />
									<Relationship Name="Type">
										<Entry>
											<References ExternalSource="BuiltIns" Name="[varchar]" />
										</Entry>
									</Relationship>
								</Element>
							</Entry>
						</Relationship>
					</Element>
				</Entry>
			</Relationship>
			<Relationship Name="Schema">
				<Entry>
					<References ExternalSource="BuiltIns" Name="[dbo]" />
				</Entry>
			</Relationship>
			<AttachedAnnotation Disambiguator="5" />
		</Element>
		<Element Type="SqlProcedure" Name="[dbo].[InsertEmp]">
			<Property Name="BodyScript">
				<Value QuotedIdentifiers="True" AnsiNulls="True"><![CDATA[ begin
insert into dbo.empdata values(@eid,@ename,@desig,@doj,@salary,@dno)
end]]></Value>
			</Property>
			<Property Name="IsAnsiNullsOn" Value="True" />
			<Relationship Name="BodyDependencies">
				<Entry>
					<References Name="[dbo].[empdata]" />
				</Entry>
				<Entry>
					<References Name="[dbo].[InsertEmp].[@eid]" />
				</Entry>
				<Entry>
					<References Name="[dbo].[InsertEmp].[@ename]" />
				</Entry>
				<Entry>
					<References Name="[dbo].[InsertEmp].[@desig]" />
				</Entry>
				<Entry>
					<References Name="[dbo].[InsertEmp].[@doj]" />
				</Entry>
				<Entry>
					<References Name="[dbo].[InsertEmp].[@salary]" />
				</Entry>
				<Entry>
					<References Name="[dbo].[InsertEmp].[@dno]" />
				</Entry>
			</Relationship>
			<Relationship Name="Parameters">
				<Entry>
					<Element Type="SqlSubroutineParameter" Name="[dbo].[InsertEmp].[@eid]">
						<Relationship Name="Type">
							<Entry>
								<Element Type="SqlTypeSpecifier">
									<Relationship Name="Type">
										<Entry>
											<References ExternalSource="BuiltIns" Name="[int]" />
										</Entry>
									</Relationship>
								</Element>
							</Entry>
						</Relationship>
					</Element>
				</Entry>
				<Entry>
					<Element Type="SqlSubroutineParameter" Name="[dbo].[InsertEmp].[@ename]">
						<Relationship Name="Type">
							<Entry>
								<Element Type="SqlTypeSpecifier">
									<Property Name="Length" Value="50" />
									<Relationship Name="Type">
										<Entry>
											<References ExternalSource="BuiltIns" Name="[varchar]" />
										</Entry>
									</Relationship>
								</Element>
							</Entry>
						</Relationship>
					</Element>
				</Entry>
				<Entry>
					<Element Type="SqlSubroutineParameter" Name="[dbo].[InsertEmp].[@desig]">
						<Relationship Name="Type">
							<Entry>
								<Element Type="SqlTypeSpecifier">
									<Property Name="Length" Value="50" />
									<Relationship Name="Type">
										<Entry>
											<References ExternalSource="BuiltIns" Name="[varchar]" />
										</Entry>
									</Relationship>
								</Element>
							</Entry>
						</Relationship>
					</Element>
				</Entry>
				<Entry>
					<Element Type="SqlSubroutineParameter" Name="[dbo].[InsertEmp].[@doj]">
						<Relationship Name="Type">
							<Entry>
								<Element Type="SqlTypeSpecifier">
									<Relationship Name="Type">
										<Entry>
											<References ExternalSource="BuiltIns" Name="[datetime]" />
										</Entry>
									</Relationship>
								</Element>
							</Entry>
						</Relationship>
					</Element>
				</Entry>
				<Entry>
					<Element Type="SqlSubroutineParameter" Name="[dbo].[InsertEmp].[@salary]">
						<Relationship Name="Type">
							<Entry>
								<Element Type="SqlTypeSpecifier">
									<Relationship Name="Type">
										<Entry>
											<References ExternalSource="BuiltIns" Name="[money]" />
										</Entry>
									</Relationship>
								</Element>
							</Entry>
						</Relationship>
					</Element>
				</Entry>
				<Entry>
					<Element Type="SqlSubroutineParameter" Name="[dbo].[InsertEmp].[@dno]">
						<Relationship Name="Type">
							<Entry>
								<Element Type="SqlTypeSpecifier">
									<Property Name="Length" Value="10" />
									<Relationship Name="Type">
										<Entry>
											<References ExternalSource="BuiltIns" Name="[varchar]" />
										</Entry>
									</Relationship>
								</Element>
							</Entry>
						</Relationship>
					</Element>
				</Entry>
			</Relationship>
			<Relationship Name="Schema">
				<Entry>
					<References ExternalSource="BuiltIns" Name="[dbo]" />
				</Entry>
			</Relationship>
			<Annotation Type="SysCommentsObjectAnnotation">
				<Property Name="Length" Value="204" />
				<Property Name="StartLine" Value="1" />
				<Property Name="StartColumn" Value="1" />
				<Property Name="HeaderContents" Value="create Procedure InsertEmp&#xD;&#xA;@eid int,@ename varchar(50),@desig varchar(50),@doj datetime,@salary money,@dno varchar(10)&#xD;&#xA;as" />
			</Annotation>
		</Element>
		<Element Type="SqlProcedure" Name="[dbo].[UpdateEmp]">
			<Property Name="BodyScript">
				<Value QuotedIdentifiers="True" AnsiNulls="True"><![CDATA[ begin
update empdata set ename=@ename,desig=@desig,doj=@doj,salary=@salary,dno=@dno where eid=@eid
end]]></Value>
			</Property>
			<Property Name="IsAnsiNullsOn" Value="True" />
			<Relationship Name="BodyDependencies">
				<Entry>
					<References Name="[dbo].[empdata]" />
				</Entry>
				<Entry>
					<References Name="[dbo].[empdata].[ename]" />
				</Entry>
				<Entry>
					<References Name="[dbo].[UpdateEmp].[@ename]" />
				</Entry>
				<Entry>
					<References Name="[dbo].[empdata].[desig]" />
				</Entry>
				<Entry>
					<References Name="[dbo].[UpdateEmp].[@desig]" />
				</Entry>
				<Entry>
					<References Name="[dbo].[empdata].[doj]" />
				</Entry>
				<Entry>
					<References Name="[dbo].[UpdateEmp].[@doj]" />
				</Entry>
				<Entry>
					<References Name="[dbo].[empdata].[salary]" />
				</Entry>
				<Entry>
					<References Name="[dbo].[UpdateEmp].[@salary]" />
				</Entry>
				<Entry>
					<References Name="[dbo].[empdata].[dno]" />
				</Entry>
				<Entry>
					<References Name="[dbo].[UpdateEmp].[@dno]" />
				</Entry>
				<Entry>
					<References Name="[dbo].[empdata].[eid]" />
				</Entry>
				<Entry>
					<References Name="[dbo].[UpdateEmp].[@eid]" />
				</Entry>
			</Relationship>
			<Relationship Name="Parameters">
				<Entry>
					<Element Type="SqlSubroutineParameter" Name="[dbo].[UpdateEmp].[@eid]">
						<Relationship Name="Type">
							<Entry>
								<Element Type="SqlTypeSpecifier">
									<Relationship Name="Type">
										<Entry>
											<References ExternalSource="BuiltIns" Name="[int]" />
										</Entry>
									</Relationship>
								</Element>
							</Entry>
						</Relationship>
					</Element>
				</Entry>
				<Entry>
					<Element Type="SqlSubroutineParameter" Name="[dbo].[UpdateEmp].[@ename]">
						<Relationship Name="Type">
							<Entry>
								<Element Type="SqlTypeSpecifier">
									<Property Name="Length" Value="50" />
									<Relationship Name="Type">
										<Entry>
											<References ExternalSource="BuiltIns" Name="[varchar]" />
										</Entry>
									</Relationship>
								</Element>
							</Entry>
						</Relationship>
					</Element>
				</Entry>
				<Entry>
					<Element Type="SqlSubroutineParameter" Name="[dbo].[UpdateEmp].[@desig]">
						<Relationship Name="Type">
							<Entry>
								<Element Type="SqlTypeSpecifier">
									<Property Name="Length" Value="50" />
									<Relationship Name="Type">
										<Entry>
											<References ExternalSource="BuiltIns" Name="[varchar]" />
										</Entry>
									</Relationship>
								</Element>
							</Entry>
						</Relationship>
					</Element>
				</Entry>
				<Entry>
					<Element Type="SqlSubroutineParameter" Name="[dbo].[UpdateEmp].[@doj]">
						<Relationship Name="Type">
							<Entry>
								<Element Type="SqlTypeSpecifier">
									<Relationship Name="Type">
										<Entry>
											<References ExternalSource="BuiltIns" Name="[datetime]" />
										</Entry>
									</Relationship>
								</Element>
							</Entry>
						</Relationship>
					</Element>
				</Entry>
				<Entry>
					<Element Type="SqlSubroutineParameter" Name="[dbo].[UpdateEmp].[@salary]">
						<Relationship Name="Type">
							<Entry>
								<Element Type="SqlTypeSpecifier">
									<Relationship Name="Type">
										<Entry>
											<References ExternalSource="BuiltIns" Name="[money]" />
										</Entry>
									</Relationship>
								</Element>
							</Entry>
						</Relationship>
					</Element>
				</Entry>
				<Entry>
					<Element Type="SqlSubroutineParameter" Name="[dbo].[UpdateEmp].[@dno]">
						<Relationship Name="Type">
							<Entry>
								<Element Type="SqlTypeSpecifier">
									<Property Name="Length" Value="10" />
									<Relationship Name="Type">
										<Entry>
											<References ExternalSource="BuiltIns" Name="[varchar]" />
										</Entry>
									</Relationship>
								</Element>
							</Entry>
						</Relationship>
					</Element>
				</Entry>
			</Relationship>
			<Relationship Name="Schema">
				<Entry>
					<References ExternalSource="BuiltIns" Name="[dbo]" />
				</Entry>
			</Relationship>
			<Annotation Type="SysCommentsObjectAnnotation">
				<Property Name="Length" Value="228" />
				<Property Name="StartLine" Value="1" />
				<Property Name="StartColumn" Value="1" />
				<Property Name="HeaderContents" Value="create Procedure UpdateEmp&#xD;&#xA;@eid int,@ename varchar(50),@desig varchar(50),@doj datetime,@salary money,@dno varchar(10)&#xD;&#xA;as" />
			</Annotation>
		</Element>
		<Element Type="SqlPermissionStatement" Name="[Grant.ViewAnyColumnEncryptionKeyDefinition.Database].[public].[dbo]">
			<Property Name="Permission" Value="1108" />
			<Relationship Name="Grantee">
				<Entry>
					<References ExternalSource="BuiltIns" Name="[public]" />
				</Entry>
			</Relationship>
			<Relationship Name="SecuredObject">
				<Entry>
					<References Disambiguator="1" />
				</Entry>
			</Relationship>
		</Element>
		<Element Type="SqlPermissionStatement" Name="[Grant.ViewAnyColumnMasterKeyDefinition.Database].[public].[dbo]">
			<Property Name="Permission" Value="1107" />
			<Relationship Name="Grantee">
				<Entry>
					<References ExternalSource="BuiltIns" Name="[public]" />
				</Entry>
			</Relationship>
			<Relationship Name="SecuredObject">
				<Entry>
					<References Disambiguator="1" />
				</Entry>
			</Relationship>
		</Element>
	</Model>
</DataSchemaModel>