﻿<?xml version="1.0" encoding="utf-8"?>
<DacOrigin xmlns="http://schemas.microsoft.com/sqlserver/dac/Serialization/2012/02">
  <PackageProperties>
    <Version>3.1.0.0</Version>
    <ContainsExportedData>true</ContainsExportedData>
    <StreamVersions>
      <Version StreamName="Data">2.0.0.0</Version>
      <Version StreamName="DeploymentContributors">1.0.0.0</Version>
    </StreamVersions>
  </PackageProperties>
  <Operation>
    <Identity>b15c464d-1ae5-4373-a928-60dfcc814864</Identity>
    <Start>2024-01-26T01:26:20.9741822+05:30</Start>
    <End>0001-01-01T00:00:00.0000000</End>
    <ProductName>Microsoft.SqlServer.Dac, Version=16.0.0.0, Culture=neutral, PublicKeyToken=b03f5f7f11d50a3a</ProductName>
    <ProductVersion>16.0.6409.0</ProductVersion>
    <ProductSchema>http://schemas.microsoft.com/sqlserver/dac/Serialization/2012/02</ProductSchema>
  </Operation>
  <Server>
    <ServerVersion>Microsoft SQL Server 2022 (RTM) - 16.0.1000.6 (X64) 
	Oct  8 2022 05:58:25 
	Copyright (C) 2022 Microsoft Corporation
	Developer Edition (64-bit) on Windows 10 Home Single Language 10.0 &lt;X64&gt; (Build 22631: )
</ServerVersion>
    <ObjectCounts>
      <DatabaseOptions>1</DatabaseOptions>
      <PermissionStatement>2</PermissionStatement>
      <PrimaryKeyConstraint>1</PrimaryKeyConstraint>
      <Procedure>4</Procedure>
      <SimpleColumn>6</SimpleColumn>
      <SubroutineParameter>13</SubroutineParameter>
      <Table>1</Table>
    </ObjectCounts>
  </Server>
  <ExportStatistics>
    <SourceDatabaseSize>12664</SourceDatabaseSize>
    <TableRowCountTotalTag>2</TableRowCountTotalTag>
  </ExportStatistics>
  <Checksums>
    <Checksum Uri="/model.xml">EDF86CFE63D921D8BCD6D4554AE31A84E51C41F4943B91190A3BD5B63E3D71EA</Checksum>
  </Checksums>
  <ModelSchemaVersion>2.9</ModelSchemaVersion>
</DacOrigin>